company_name,name,asset_code,asset_account_name,depreciation_code,depreciation_account_name,expense_code,expense_account_name,method,method_number,method_period,method_time,prorata,open_asset,days_calc,active,o14_asset_count
บริษัท เอ็นพีดี โลจิสติกส์ จำกัด,BU - อาคาร,1410-02,อาคาร-สำนักงาน,1420-02,ค่าเสื่อมราคาสะสม-อาคาร-สนง.,5340-15,ค่าเสื่อมราคา-อาคาร-สำนักงาน,linear,5,year,year,1,0,1,1,0
บริษัท เอ็นพีดี โลจิสติกส์ จำกัด,CA - ยานพาหนะ,1410-05,ยานพาหนะ-สำนักงาน,1420-05,ค่าเสื่อมราคาสะสม-ยานพาหนะ,5340-05,ค่าเสื่อมราคา-ยานพาหนะ,linear,5,year,year,1,0,1,1,30
บริษัท เอ็นพีดี โลจิสติกส์ จำกัด,CO - คอมพิวเตอร์และอุปกรณ์,1410-06,คอมพิวเตอร์และอุปกรณ์,1420-06,ค่าเสื่อมราคาสะสม-คอมพิวเตอร์และอุปกรณ์,5340-06,ค่าเสื่อมราคา-คอมพิวเตอร์และอุปกรณ์,linear,5,year,year,1,0,1,1,4
บริษัท เอ็นพีดี โลจิสติกส์ จำกัด,TD - เครื่องมือช่าง,1410-09,เครื่องมือช่างและอุปกรณ์,1420-09,ค่าเสื่อมราคาสะสม-เครื่องมือช่างและอุปกรณ์,5340-09,ค่าเสื่อมราคา-เครื่องมือช่างและอุปกรณ์,linear,5,year,year,1,0,1,1,11
บริษัท เอ็นพีดี โลจิสติกส์ จำกัด,EQ - อุปกรณ์สำนักงาน,1410-03,อุปกรณ์สำนักงาน,1420-03,ค่าเสื่อมราคาสะสม-อุปกรณ์สำนักงาน,5340-03,ค่าเสื่อมราคา-อุปกรณ์สำนักงาน,linear,5,year,year,1,0,1,1,23
บริษัท เอ็นพีดี โลจิสติกส์ จำกัด,BD - เครื่องตกแต่งอาคาร,1410-04,เครื่องตกแต่งสำนักงาน,1420-04,ค่าเสื่อมราคาสะสม-เครื่องตกแต่งสำนักงาน,5340-04,ค่าเสื่อมราคา-เครื่องตกแต่งสำนักงาน,linear,5,year,year,1,0,1,1,3
บริษัท เอ็นพีดี โลจิสติกส์ จำกัด,IN - สินทรัพย์ไม่มีตัวตน,1410-12,โปรแกรมสำเร็จรูป,1420-12,ค่าเสื่อมราคาสะสม-โปรแกรมสำเร็จรูป,5340-17,ค่าเสื่อมราคา-โปรแกรมสำเร็จรูป,linear,5,year,year,1,0,1,1,0
บริษัท เอ็นพีดี โลจิสติกส์ จำกัด,LA - ที่ดิน,1410-01,ที่ดิน,1420-13,ค่าเสื่อมราคาสะสม-ที่ดิน,5340-18,ค่าเสื่อมราคา-ที่ดิน,linear,5,year,year,1,0,1,1,0
บริษัท เอ็นพีดี โลจิสติกส์ จำกัด,MQ - เครื่องจักรและอุปกรณ์,1410-08,เครื่องจักรและอุปกรณ์,1420-08,ค่าเสื่อมราคาสะสม-เครื่องจักรและอุปกรณ์,5340-08,ค่าเสื่อมราคา-เครื่องจักรและอุปกรณ์,linear,5,year,year,1,0,1,1,2
บริษัท เอ็นพีดี โลจิสติกส์ จำกัด,RE - ทรัพย์สินเพื่อให้เช่า,1410-11,ทรัพย์สินเพิ่มให้เช่า,1420-14,ค่าเสื่อมราคาสะสม-ทรัพย์สินเพิ่มให้เช่า,5340-19,ค่าเสื่อมราคา-ทรัพย์สินเพิ่มให้เช่า,linear,5,year,year,1,0,1,1,0
บริษัท เอ็นพีดี โลจิสติกส์ จำกัด,VE - ส่วนต่อเติมยานพาหนะ,1410-10,ส่วนต่อเติมรถบรรทุก,1420-10,ค่าเสื่อมราคาสะสม-ส่วนต่อเติมรถบรรทุกให้เช่า,5340-10,ค่าเสื่อมราคา-ส่วนต่อเติมรถบรรทุก,linear,5,year,year,1,0,1,1,7
บริษัท เอ็นพีดี โลจิสติกส์ จำกัด,TU - รถบรรทุก,1410-07,รถบรรทุกให้เช่า,1420-07,ค่าเสื่อมราคาสะสม-รถบรรทุกให้เช่า,5340-07,ค่าเสื่อมราคา-รถบรรทุกให้เช่า,linear,5,year,year,1,0,1,1,0
บริษัท นภดล กรุงเทพ จำกัด,BB - Billboard,1410-09,ป้ายโฆษณา,1420-09,ค่าเสื่อมราคาสะสม-ป้ายโฆษณา,5340-09,ค่าเสื่อมราคา-ป้ายโฆษณา,linear,5,year,year,1,0,1,1,1
บริษัท นภดล กรุงเทพ จำกัด,BU - อาคาร,1410-08,เครื่องใช้-เครื่องตกแต่งสำนักงาน,1420-08,ค่าเสื่อมราคาสะสม-เครื่องตกแต่งสำนักงาน,5340-05,ค่าเสื่อมราคา-ยานพาหนะ,linear,5,year,year,1,0,1,1,0
บริษัท นภดล กรุงเทพ จำกัด,CA - ยานพาหนะ,1410-05,ยานพาหนะ,1420-05,ค่าเสื่อมราคาสะสม-ยานพาหนะ,5340-05,ค่าเสื่อมราคา-ยานพาหนะ,linear,5,year,year,1,0,1,1,16
บริษัท นภดล กรุงเทพ จำกัด,CA - ยานพาหนะ-สำนักงาน,1410-05,ยานพาหนะ,1420-05,ค่าเสื่อมราคาสะสม-ยานพาหนะ,5350-05,ค่าเบี้ยประกันภัย-ยานพาหนะ,linear,5,year,year,1,0,1,0,0
บริษัท นภดล กรุงเทพ จำกัด,CO - คอมพิวเตอร์และอุปกรณ์,1410-07,คอมพิวเตอร์และอุปกรณ์,1420-07,ค่าเสื่อมราคาสะสม-คอมพิวเตอร์และอุปกรณ์,5340-07,ค่าเสื่อมราคา-คอมพิวเตอร์และอุปกรณ์,linear,5,year,year,1,0,1,1,58
บริษัท นภดล กรุงเทพ จำกัด,EA - เครื่องมือและอุปกรณ์,1410-06,เครื่องมือเครื่องจักร,1420-04,ค่าเสื่อมราคาสะสม-ทรัพย์สินเพื่อให้เช่า,5340-03,ค่าเสื่อมราคา-อุปกรณ์สำนักงาน,linear,5,year,year,1,0,1,1,40
บริษัท นภดล กรุงเทพ จำกัด,EQ - อุปกรณ์สำนักงาน,1410-03,อุปกรณ์สำนักงาน,1420-03,ค่าเสื่อมราคาสะสม-อุปกรณ์สำนักงาน,5340-03,ค่าเสื่อมราคา-อุปกรณ์สำนักงาน,linear,5,month,year,1,0,1,1,77
บริษัท นภดล กรุงเทพ จำกัด,FU - เฟอร์นิเจอร์,1410-13,เครื่องตกแต่งสำนักงาน,1420-13,ค่าเสื่อมราคาสะสม-เครื่องตกแต่งสำนักงาน,5350-13,ค่าเสื่อมราคา-เครื่องตกแต่ง-สำนักงาน,linear,5,year,year,1,0,1,1,12
บริษัท นภดล กรุงเทพ จำกัด,IN - สินทรัพย์ไม่มีตัวตน-โปรแกรมสำเร็จรูป,1410-12,โปรแกรมสำเร็จรูป,1420-12,ค่าเสื่อมราคาสะสม-โปรแกรมสำเร็จรูป,5340-09,ค่าเสื่อมราคา-ป้ายโฆษณา,linear,5,year,year,1,0,1,1,0
บริษัท นภดล กรุงเทพ จำกัด,LA - ที่ดิน,1410-01,ส/ทสนง.-ที่ดิน,1420-01,ค่าเสื่อมราคาสะสม-ที่ดิน,5350-01,ค่าเบี้ยประกัน-อาคาร,linear,5,year,year,1,0,1,1,0
บริษัท นภดล กรุงเทพ จำกัด,ME - เครื่องจักร,1410-10,เครื่องจักร,1420-10,ค่าเสื่อมราคาสะสม-เครื่องจักร,5340-04,ค่าเสื่อมราคา-ทรัพย์สินเพื่อให้เช่า,linear,5,year,year,1,0,1,1,0
บริษัท นภดล กรุงเทพ จำกัด,RE - ทรัพย์สินเพื่อให้เช่า,1410-04,ทรัพย์สินเพื่อให้เช่า,1420-04,ค่าเสื่อมราคาสะสม-ทรัพย์สินเพื่อให้เช่า,5340-04,ค่าเสื่อมราคา-ทรัพย์สินเพื่อให้เช่า,linear,5,year,year,1,0,1,1,454
บริษัท นภดล กรุงเทพ จำกัด,TE - ส่วนต่อเติมรถบรรทุก,1410-09,ป้ายโฆษณา,1420-09,ค่าเสื่อมราคาสะสม-ป้ายโฆษณา,5340-06,ค่าเสื่อมราคา-เครื่องมือเครื่องจักร,linear,5,year,year,1,0,1,1,0
บริษัท นภดล กรุงเทพ จำกัด,TU - รถบรรทุก,1410-09,ป้ายโฆษณา,1420-09,ค่าเสื่อมราคาสะสม-ป้ายโฆษณา,5340-06,ค่าเสื่อมราคา-เครื่องมือเครื่องจักร,linear,5,year,year,1,0,1,1,0
บริษัท นภดล อินเตอร์เทรดดิ้ง จำกัด (สำนักงานใหญ่),BB - Billboard,1410-14,ป้ายโฆษณา,1420-14,ค่าเสื่อมราคาสะสม-ป้ายโฆษณา,5350-14,ค่าเสื่อมราคา-ป้ายโฆษณา,linear,5,year,year,1,0,1,1,0
บริษัท นภดล อินเตอร์เทรดดิ้ง จำกัด (สำนักงานใหญ่),BD - อาคาร,1410-02,อาคาร,1420-02,ค่าเสื่อมราคาสะสม-อาคาร,5340-02,ค่าเสื่อมราคา-อาคาร,linear,5,year,year,1,0,1,1,1
บริษัท นภดล อินเตอร์เทรดดิ้ง จำกัด (สำนักงานใหญ่),CA - ยานพาหนะ,1410-05,ยานพาหนะ,1420-05,ค่าเสื่อมราคาสะสม-ยานพาหนะ,5340-05,ค่าเสื่อมราคา-ยานพาหนะ,linear,5,year,year,1,0,1,1,2
บริษัท นภดล อินเตอร์เทรดดิ้ง จำกัด (สำนักงานใหญ่),CA - ยานพาหนะ-สำนักงาน,1410-05,ยานพาหนะ,1420-05,ค่าเสื่อมราคาสะสม-ยานพาหนะ,5350-05,ค่าเบี้ยประกันภัย-ยานพาหนะ,linear,5,year,year,1,0,1,0,0
บริษัท นภดล อินเตอร์เทรดดิ้ง จำกัด (สำนักงานใหญ่),CO - คอมพิวเตอร์และอุปกรณ์,1410-07,คอมพิวเตอร์และอุปกรณ์,1420-07,ค่าเสื่อมราคาสะสม-คอมพิวเตอร์และอุปกรณ์,5340-07,ค่าเสื่อมราคา-คอมพิวเตอร์และอุปกรณ์,linear,5,year,year,1,0,1,1,6
บริษัท นภดล อินเตอร์เทรดดิ้ง จำกัด (สำนักงานใหญ่),EM - เครื่องมือ-เครื่องจักร,1410-06,เครื่องมือเครื่องจักร,1420-06,ค่าเสื่อมราคาสะสม-เครื่องมือเครื่องจักร,5340-06,ค่าเสื่อมราคา-เครื่องมือเครื่องจักร,linear,5,year,year,1,0,1,1,0
บริษัท นภดล อินเตอร์เทรดดิ้ง จำกัด (สำนักงานใหญ่),EQ - อุปกรณ์สำนักงาน,1410-03,อุปกรณ์สำนักงาน,1420-03,ค่าเสื่อมราคาสะสม-อุปกรณ์สำนักงาน,5340-03,ค่าเสื่อมราคา-อุปกรณ์สำนักงาน,linear,5,month,year,1,0,1,1,19
บริษัท นภดล อินเตอร์เทรดดิ้ง จำกัด (สำนักงานใหญ่),FU - เครื่องตกแต่งสำนักงาน,1410-13,เครื่องตกแต่งสำนักงาน,1420-13,ค่าเสื่อมราคาสะสม-เครื่องตกแต่งสำนักงาน,5350-13,ค่าเสื่อมราคา-เครื่องตกแต่ง-สำนักงาน,linear,5,year,year,1,0,1,1,0
บริษัท นภดล อินเตอร์เทรดดิ้ง จำกัด (สำนักงานใหญ่),CM - โปรแกรมคอมพิวเตอร์,1410-08,โปรแกรมคอมพิวเตอร์,1420-08,ค่าเสื่อมราคาสะสม-โปรแกรมคอมพิวเตอร์,5340-08,ค่าเสื่อมราคา-โปรแกรมคอมพิวเตอร์,linear,5,year,year,1,0,1,1,1
บริษัท นภดล อินเตอร์เทรดดิ้ง จำกัด (สำนักงานใหญ่),LD - ที่ดิน,1410-01,ที่ดิน,1420-01,ค่าเสื่อมราคาสะสม-ที่ดิน,5340-01,ค่าเสื่อมราคา-ที่ดิน,linear,5,year,year,1,0,1,1,1
บริษัท นภดล อินเตอร์เทรดดิ้ง จำกัด (สำนักงานใหญ่),MN - เครื่องมือ-เครื่องจักร,1410-06,เครื่องมือเครื่องจักร,1420-06,ค่าเสื่อมราคาสะสม-เครื่องมือเครื่องจักร,5340-06,ค่าเสื่อมราคา-เครื่องมือเครื่องจักร,linear,5,year,year,1,0,1,1,6
บริษัท นภดล อินเตอร์เทรดดิ้ง จำกัด (สำนักงานใหญ่),RE - ทรัพย์สินให้เช่า,1410-11,ทรัพย์สินเพื่อให้เช่า,1420-11,ค่าเสื่อมราคาสะสม-ทรัพย์สินเพื่อให้เช่า,5340-11,ค่าเสื่อมราคา-ทรัพย์สินเพื่อให้เช่า,linear,5,year,year,1,0,1,1,8
บริษัท นภดล อินเตอร์เทรดดิ้ง จำกัด (สำนักงานใหญ่),TE - ส่วนต่อเติมรถบรรทุก,1410-09,ป้ายโฆษณา,1420-09,ค่าเสื่อมราคาสะสม-ป้ายโฆษณา,5340-06,ค่าเสื่อมราคา-เครื่องมือเครื่องจักร,linear,5,year,year,1,0,1,1,0
บริษัท นภดล อินเตอร์เทรดดิ้ง จำกัด (สำนักงานใหญ่),TU - รถบรรทุก,1410-05,ยานพาหนะ,1420-05,ค่าเสื่อมราคาสะสม-ยานพาหนะ,5340-05,ค่าเสื่อมราคา-ยานพาหนะ,linear,5,year,year,1,0,1,1,0
บริษัท นภดล เอส กรุ๊ป จำกัด,BU - อาคาร,1410-02,อาคาร,1420-02,ค่าเสื่อมราคาสะสม-อาคาร,5340-02,ค่าเสื่อมราคา-อาคาร,linear,5,year,year,1,0,1,1,1
บริษัท นภดล เอส กรุ๊ป จำกัด,CA - ยานพาหนะ,1410-05,ยานพาหนะ,1420-05,ค่าเสื่อมราคาสะสม-ยานพาหนะ,5340-05,ค่าเสื่อมราคา-ยานพาหนะ,linear,5,year,year,1,0,1,1,20
บริษัท นภดล เอส กรุ๊ป จำกัด,CO - คอมพิวเตอร์และอุปกรณ์,1410-04,คอมพิวเตอร์และอุปกรณ์,1420-04,ค่าเสื่อมราคาสะสม-คอมพิวเตอร์และอุปกรณ์,5340-04,ค่าเสื่อมราคา-คอมพิวเตอร์และอุปกรณ์,linear,5,year,year,1,0,0,1,99
บริษัท นภดล เอส กรุ๊ป จำกัด,EM - เครื่องมือและอุปกรณ์,1410-06,เครื่องมือและอุปกรณ์,1420-06,ค่าเสื่อมราคาสะสม-เครื่องมือและอุปกรณ์,5340-06,ค่าเสื่อมราคา-เครื่องมือและอุปกรณ์,linear,5,year,year,1,0,1,1,57
บริษัท นภดล เอส กรุ๊ป จำกัด,EQ - อุปกรณ์สำนักงานและเครื่องตกแต่ง,1410-03,อุปกรณ์สำนักงานและเครื่องตกแต่ง,1420-03,ค่าเสื่อมราคาสะสม-อุปกรณ์สำนักงานและเครื่องตกแต่ง,5340-03,ค่าเสื่อมราคา-อุปกรณ์สำนักงานและเครื่องตกแต่ง,linear,5,year,year,1,0,1,1,268
บริษัท นภดล เอส กรุ๊ป จำกัด,IN - สินทรัพย์ไม่มีตัวตน,1410-12,โปรแกรมสำเร็จรูป,1420-12,ค่าเสื่อมราคาสะสม-โปรแกรมสำเร็จรูป,5350-12,ค่าเสื่อมราคา-โปรแกรมสำเร็จรูป,linear,5,year,year,1,0,1,1,0
บริษัท นภดล เอส กรุ๊ป จำกัด,LA - ที่ดิน,1410-01,ที่ดิน,1420-01,ค่าเสื่อมราคาสะสม-ที่ดิน,5340-01,ค่าเสื่อมราคา-ที่ดิน,linear,5,year,year,1,0,1,1,0
บริษัท นภดล เอส กรุ๊ป จำกัด,ME - เครื่องจักร,1410-10,เครื่องจักร,1420-10,ค่าเสื่อมราคาสะสม-เครื่องจักร,5350-10,ค่าเสื่อมราคา-เครื่องจักร,linear,5,year,year,1,0,1,1,0
บริษัท นภดล เอส กรุ๊ป จำกัด,RE - ทรัพย์สินให้เช่า,1410-07,ทรัพย์สินเพื่อให้เช่า,1420-07,ค่าเสื่อมราคาสะสม-ทรัพย์สินเพื่อให้เช่า,5340-07,ค่าเสื่อมราคา-ทรัพย์สินเพื่อให้เช่า,linear,5,year,year,1,1,1,1,618
บริษัท นภดล เอส กรุ๊ป จำกัด,TE - ส่วนต่อเติมรถบรรทุก,1410-09,ยานพาหนะ-สาขา,1420-09,ค่าเสื่อมราคาสะสม-ยานพาหนะ-สาขา,5340-05,ค่าเสื่อมราคา-ยานพาหนะ,linear,5,year,year,1,0,1,1,0
บริษัท นภดล เอส กรุ๊ป จำกัด,TU - รถบรรทุก,1410-05,ยานพาหนะ,1420-05,ค่าเสื่อมราคาสะสม-ยานพาหนะ,5340-05,ค่าเสื่อมราคา-ยานพาหนะ,linear,5,year,year,1,0,1,1,0
บริษัท นภดล เอส กรุ๊ป จำกัด,FE - อุปกรณ์โรงงาน,1410-11,อุปกรณ์โรงงาน,1420-11,ค่าเสื่อมราคาสะสม-อุปกรณ์โรงงาน,5350-11,ค่าเสื่อมราคา-อุปกรณ์โรงงาน,linear,5,year,year,0,0,0,1,0
บริษัท นภดล เอส กรุ๊ป จำกัด,EQ - เครื่องตกแต่งสำนักงาน,1410-13,เครื่องตกแต่งสำนักงาน,1420-03,ค่าเสื่อมราคาสะสม-อุปกรณ์สำนักงานและเครื่องตกแต่ง,5340-03,ค่าเสื่อมราคา-อุปกรณ์สำนักงานและเครื่องตกแต่ง,linear,5,year,year,0,0,0,0,0
บริษัท นภดล เอส กรุ๊ป จำกัด,WI - งานระหว่างทำ-สาขา,1410-14,งานระหว่างทำ-สาขา,1420-02,ค่าเสื่อมราคาสะสม-อาคาร,5340-02,ค่าเสื่อมราคา-อาคาร,linear,5,year,year,0,0,0,1,0
บริษัท เอ็นพีดี สตีลเทค จำกัด,BU - อาคาร,1410-02,อาคาร,1420-02,ค่าเสื่อมราคาสะสม-อาคาร,5340-02,ค่าเสื่อมราคา-อาคาร,linear,5,year,year,1,0,1,1,0
บริษัท เอ็นพีดี สตีลเทค จำกัด,CA - ยานพาหนะ,1410-05,ยานพาหนะ,1420-05,ค่าเสื่อมราคาสะสม-ยานพาหนะ,5340-05,ค่าเสื่อมราคา-ยานพาหนะ,linear,5,year,year,1,0,1,1,3
บริษัท เอ็นพีดี สตีลเทค จำกัด,CO - คอมพิวเตอร์และอุปกรณ์,1410-07,คอมพิวเตอร์และอุปกรณ์,1420-07,ค่าเสื่อมราคาสะสม-คอมพิวเตอร์และอุปกรณ์,5340-07,ค่าเสื่อมราคา-คอมพิวเตอร์และอุปกรณ์,linear,5,year,year,1,0,1,1,11
บริษัท เอ็นพีดี สตีลเทค จำกัด,EM - เครื่องมือและอุปกรณ์,1410-07,คอมพิวเตอร์และอุปกรณ์,1420-07,ค่าเสื่อมราคาสะสม-คอมพิวเตอร์และอุปกรณ์,1420-07,ค่าเสื่อมราคาสะสม-คอมพิวเตอร์และอุปกรณ์,linear,5,year,year,1,0,1,1,0
บริษัท เอ็นพีดี สตีลเทค จำกัด,EQ - อุปกรณ์สำนักงาน,1410-03,อุปกรณ์สำนักงาน,1420-03,ค่าเสื่อมราคาสะสม-อุปกรณ์สำนักงาน,5340-03,ค่าเสื่อมราคา-อุปกรณ์สำนักงาน,linear,5,year,year,1,0,1,1,62
บริษัท เอ็นพีดี สตีลเทค จำกัด,FF - เครื่องตกแต่งสำนักงาน,1410-12,เครื่องตกแต่งสำนักงาน,1420-12,ค่าเสื่อมราคาสะสม-เครื่องตกแต่งสำนักงาน,5340-12,ค่าเสื่อมราคา-เครื่องตกแต่งสำนักงาน,linear,5,year,year,1,0,1,1,6
บริษัท เอ็นพีดี สตีลเทค จำกัด,LA - ที่ดิน,1410-01,ที่ดิน,1420-01,ค่าเสื่อมราคาสะสม-ที่ดิน,5340-01,ค่าเสื่อมราคา-ที่ดิน,linear,5,year,year,1,0,1,1,0
บริษัท เอ็นพีดี สตีลเทค จำกัด,MA - เครื่องมือ-เครื่องจักร,1410-06,เครื่องมือเครื่องจักร,1420-06,ค่าเสื่อมราคาสะสม-เครื่องมือเครื่องจักร,5340-06,ค่าเสื่อมราคา-เครื่องมือเครื่องจักร,linear,5,year,year,1,0,1,1,61
บริษัท เอ็นพีดี สตีลเทค จำกัด,TA - ทรัพย์สินที่มีไว้เพื่อเช่า,1410-04,ทรัพย์สินมีไว้เพื่อเช่า,1420-04,ค่าเสื่อมราคาสะสม-สินทรัพย์มีไว้เพื่อเช่า,5340-04,ค่าเสื่อมราคา-ทรัพย์สินมีไว้เพื่อเช่า,linear,5,year,year,1,0,1,1,44
บริษัท เอ็นพีดี สตีลเทค จำกัด,TE - ส่วนต่อเติมรถบรรทุก,1410-05,ยานพาหนะ,1420-05,ค่าเสื่อมราคาสะสม-ยานพาหนะ,5340-05,ค่าเสื่อมราคา-ยานพาหนะ,linear,5,year,year,1,0,1,1,0
บริษัท เอ็นพีดี สตีลเทค จำกัด,TU - รถบรรทุก,1410-05,ยานพาหนะ,1420-05,ค่าเสื่อมราคาสะสม-ยานพาหนะ,5340-05,ค่าเสื่อมราคา-ยานพาหนะ,linear,5,year,year,1,0,1,1,0
